title,start_date,start_time,end_date,end_time,all_day,venue,city,state,description,category,tags,featured
Bulk event 1,2021-04-02,,2021-04-02,,TRUE,Test Venu,Melbourne,VIC,,minor,overload,FALSE
Bulk event 2,2021-04-02,,2021-04-02,,TRUE,Test Venu,Melbourne,VIC,,minor,overload,FALSE
Bulk event 3,2021-04-02,,2021-04-02,,TRUE,Test Venu,Melbourne,VIC,,minor,overload,FALSE
Bulk event 4,2021-04-02,,2021-04-02,,TRUE,Test Venu,Melbourne,VIC,,minor,overload,FALSE
Bulk event 5,2021-04-02,,2021-04-02,,TRUE,Test Venu,Melbourne,VIC,,minor,overload,FALSE
Bulk event 6,2021-04-02,,2021-04-02,,TRUE,Test Venu,Melbourne,VIC,,minor,overload,FALSE
Bulk event 7,2021-04-02,,2021-04-02,,TRUE,Test Venu,Melbourne,VIC,,minor,overload,FALSE
Bulk event 8,2021-04-02,,2021-04-02,,TRUE,Test Venu,Melbourne,VIC,,minor,overload,FALSE
Bulk event 9,2021-04-02,,2021-04-02,,TRUE,Test Venu,Melbourne,VIC,,minor,overload,FALSE
Bulk event 10,2021-04-02,,2021-04-02,,TRUE,Test Venu,Melbourne,VIC,,minor,overload,FALSE
Bulk event 11,2021-04-02,,2021-04-02,,TRUE,Test Venu,Melbourne,VIC,,minor,overload,FALSE
Bulk event 12,2021-04-02,,2021-04-02,,TRUE,Test Venu,Melbourne,VIC,,minor,overload,FALSE
Bulk event 13,2021-04-02,,2021-04-02,,TRUE,Test Venu,Melbourne,VIC,,minor,overload,FALSE
Bulk event 14,2021-04-02,,2021-04-02,,TRUE,Test Venu,Melbourne,VIC,,minor,overload,FALSE
Bulk event 15,2021-04-02,,2021-04-02,,TRUE,Test Venu,Melbourne,VIC,,minor,overload,FALSE
Bulk event 16,2021-04-02,,2021-04-02,,TRUE,Test Venu,Melbourne,VIC,,minor,overload,FALSE
Bulk event 17,2021-04-02,,2021-04-02,,TRUE,Test Venu,Melbourne,VIC,,minor,overload,FALSE
Bulk event 18,2021-04-02,,2021-04-02,,TRUE,Test Venu,Melbourne,VIC,,minor,overload,FALSE
Bulk event 19,2021-04-02,,2021-04-02,,TRUE,Test Venu,Melbourne,VIC,,minor,overload,FALSE
Bulk event 20,2021-04-02,,2021-04-02,,TRUE,Test Venu,Melbourne,VIC,,minor,overload,FALSE
Bulk event 21,2021-04-02,,2021-04-02,,TRUE,Test Venu,Melbourne,VIC,,minor,overload,FALSE
Bulk event 22,2021-04-02,,2021-04-02,,TRUE,Test Venu,Melbourne,VIC,,minor,overload,FALSE
Bulk event 23,2021-04-02,,2021-04-02,,TRUE,Test Venu,Melbourne,VIC,,minor,overload,FALSE
Bulk event 24,2021-04-02,,2021-04-02,,TRUE,Test Venu,Melbourne,VIC,,minor,overload,FALSE
Bulk event 25,2021-04-02,,2021-04-02,,TRUE,Test Venu,Melbourne,VIC,,minor,overload,FALSE
Bulk event 26,2021-04-02,,2021-04-02,,TRUE,Test Venu,Melbourne,VIC,,minor,overload,FALSE
Bulk event 27,2021-04-02,,2021-04-02,,TRUE,Test Venu,Melbourne,VIC,,minor,overload,FALSE
Bulk event 28,2021-04-02,,2021-04-02,,TRUE,Test Venu,Melbourne,VIC,,minor,overload,FALSE
Bulk event 29,2021-04-02,,2021-04-02,,TRUE,Test Venu,Melbourne,VIC,,minor,overload,FALSE
Bulk event 30,2021-04-02,,2021-04-02,,TRUE,Test Venu,Melbourne,VIC,,minor,overload,FALSE
Bulk event 31,2021-04-02,,2021-04-02,,TRUE,Test Venu,Melbourne,VIC,,minor,overload,FALSE
Bulk event 32,2021-04-02,,2021-04-02,,TRUE,Test Venu,Melbourne,VIC,,minor,overload,FALSE
Bulk event 33,2021-04-02,,2021-04-02,,TRUE,Test Venu,Melbourne,VIC,,minor,overload,FALSE
Bulk event 34,2021-04-02,,2021-04-02,,TRUE,Test Venu,Melbourne,VIC,,minor,overload,FALSE
Bulk event 35,2021-04-02,,2021-04-02,,TRUE,Test Venu,Melbourne,VIC,,minor,overload,FALSE
Bulk event 36,2021-04-02,,2021-04-02,,TRUE,Test Venu,Melbourne,VIC,,minor,overload,FALSE
Bulk event 37,2021-04-02,,2021-04-02,,TRUE,Test Venu,Melbourne,VIC,,minor,overload,FALSE
Bulk event 38,2021-04-02,,2021-04-02,,TRUE,Test Venu,Melbourne,VIC,,minor,overload,FALSE
Bulk event 39,2021-04-02,,2021-04-02,,TRUE,Test Venu,Melbourne,VIC,,minor,overload,FALSE
Bulk event 40,2021-04-02,,2021-04-02,,TRUE,Test Venu,Melbourne,VIC,,minor,overload,FALSE
Bulk event 41,2021-04-02,,2021-04-02,,TRUE,Test Venu,Melbourne,VIC,,minor,overload,FALSE
Bulk event 42,2021-04-02,,2021-04-02,,TRUE,Test Venu,Melbourne,VIC,,minor,overload,FALSE
Bulk event 43,2021-04-02,,2021-04-02,,TRUE,Test Venu,Melbourne,VIC,,minor,overload,FALSE
Bulk event 44,2021-04-02,,2021-04-02,,TRUE,Test Venu,Melbourne,VIC,,minor,overload,FALSE
Bulk event 45,2021-04-02,,2021-04-02,,TRUE,Test Venu,Melbourne,VIC,,minor,overload,FALSE
Bulk event 46,2021-04-02,,2021-04-02,,TRUE,Test Venu,Melbourne,VIC,,minor,overload,FALSE
Bulk event 47,2021-04-02,,2021-04-02,,TRUE,Test Venu,Melbourne,VIC,,minor,overload,FALSE
Bulk event 48,2021-04-02,,2021-04-02,,TRUE,Test Venu,Melbourne,VIC,,minor,overload,FALSE
Bulk event 49,2021-04-02,,2021-04-02,,TRUE,Test Venu,Melbourne,VIC,,minor,overload,FALSE
Bulk event 50,2021-04-02,,2021-04-02,,TRUE,Test Venu,Melbourne,VIC,,minor,overload,FALSE
Bulk event 51,2021-04-02,,2021-04-02,,TRUE,Test Venu,Melbourne,VIC,,minor,overload,FALSE
Bulk event 52,2021-04-02,,2021-04-02,,TRUE,Test Venu,Melbourne,VIC,,minor,overload,FALSE
Bulk event 53,2021-04-02,,2021-04-02,,TRUE,Test Venu,Melbourne,VIC,,minor,overload,FALSE
Bulk event 54,2021-04-02,,2021-04-02,,TRUE,Test Venu,Melbourne,VIC,,minor,overload,FALSE
Bulk event 55,2021-04-02,,2021-04-02,,TRUE,Test Venu,Melbourne,VIC,,minor,overload,FALSE
Bulk event 56,2021-04-02,,2021-04-02,,TRUE,Test Venu,Melbourne,VIC,,minor,overload,FALSE
Bulk event 57,2021-04-02,,2021-04-02,,TRUE,Test Venu,Melbourne,VIC,,minor,overload,FALSE
Bulk event 58,2021-04-02,,2021-04-02,,TRUE,Test Venu,Melbourne,VIC,,minor,overload,FALSE
Bulk event 59,2021-04-02,,2021-04-02,,TRUE,Test Venu,Melbourne,VIC,,minor,overload,FALSE
Bulk event 60,2021-04-02,,2021-04-02,,TRUE,Test Venu,Melbourne,VIC,,minor,overload,FALSE
Bulk event 61,2021-04-02,,2021-04-02,,TRUE,Test Venu,Melbourne,VIC,,minor,overload,FALSE
Bulk event 62,2021-04-02,,2021-04-02,,TRUE,Test Venu,Melbourne,VIC,,minor,overload,FALSE
Bulk event 63,2021-04-02,,2021-04-02,,TRUE,Test Venu,Melbourne,VIC,,minor,overload,FALSE
Bulk event 64,2021-04-02,,2021-04-02,,TRUE,Test Venu,Melbourne,VIC,,minor,overload,FALSE
Bulk event 65,2021-04-02,,2021-04-02,,TRUE,Test Venu,Melbourne,VIC,,minor,overload,FALSE
Bulk event 66,2021-04-02,,2021-04-02,,TRUE,Test Venu,Melbourne,VIC,,minor,overload,FALSE
Bulk event 67,2021-04-02,,2021-04-02,,TRUE,Test Venu,Melbourne,VIC,,minor,overload,FALSE
Bulk event 68,2021-04-02,,2021-04-02,,TRUE,Test Venu,Melbourne,VIC,,minor,overload,FALSE
Bulk event 69,2021-04-02,,2021-04-02,,TRUE,Test Venu,Melbourne,VIC,,minor,overload,FALSE
Bulk event 70,2021-04-02,,2021-04-02,,TRUE,Test Venu,Melbourne,VIC,,minor,overload,FALSE
Bulk event 71,2021-04-02,,2021-04-02,,TRUE,Test Venu,Melbourne,VIC,,minor,overload,FALSE
Bulk event 72,2021-04-02,,2021-04-02,,TRUE,Test Venu,Melbourne,VIC,,minor,overload,FALSE
Bulk event 73,2021-04-02,,2021-04-02,,TRUE,Test Venu,Melbourne,VIC,,minor,overload,FALSE
Bulk event 74,2021-04-02,,2021-04-02,,TRUE,Test Venu,Melbourne,VIC,,minor,overload,FALSE
Bulk event 75,2021-04-02,,2021-04-02,,TRUE,Test Venu,Melbourne,VIC,,minor,overload,FALSE
Bulk event 76,2021-04-02,,2021-04-02,,TRUE,Test Venu,Melbourne,VIC,,minor,overload,FALSE
Bulk event 77,2021-04-02,,2021-04-02,,TRUE,Test Venu,Melbourne,VIC,,minor,overload,FALSE
Bulk event 78,2021-04-02,,2021-04-02,,TRUE,Test Venu,Melbourne,VIC,,minor,overload,FALSE
Bulk event 79,2021-04-02,,2021-04-02,,TRUE,Test Venu,Melbourne,VIC,,minor,overload,FALSE
Bulk event 80,2021-04-02,,2021-04-02,,TRUE,Test Venu,Melbourne,VIC,,minor,overload,FALSE
Bulk event 81,2021-04-02,,2021-04-02,,TRUE,Test Venu,Melbourne,VIC,,minor,overload,FALSE
Bulk event 82,2021-04-02,,2021-04-02,,TRUE,Test Venu,Melbourne,VIC,,minor,overload,FALSE
Bulk event 83,2021-04-02,,2021-04-02,,TRUE,Test Venu,Melbourne,VIC,,minor,overload,FALSE
Bulk event 84,2021-04-02,,2021-04-02,,TRUE,Test Venu,Melbourne,VIC,,minor,overload,FALSE
Bulk event 85,2021-04-02,,2021-04-02,,TRUE,Test Venu,Melbourne,VIC,,minor,overload,FALSE
Bulk event 86,2021-04-02,,2021-04-02,,TRUE,Test Venu,Melbourne,VIC,,minor,overload,FALSE
Bulk event 87,2021-04-02,,2021-04-02,,TRUE,Test Venu,Melbourne,VIC,,minor,overload,FALSE
Bulk event 88,2021-04-02,,2021-04-02,,TRUE,Test Venu,Melbourne,VIC,,minor,overload,FALSE
Bulk event 89,2021-04-02,,2021-04-02,,TRUE,Test Venu,Melbourne,VIC,,minor,overload,FALSE
Bulk event 90,2021-04-02,,2021-04-02,,TRUE,Test Venu,Melbourne,VIC,,minor,overload,FALSE
Bulk event 91,2021-04-02,,2021-04-02,,TRUE,Test Venu,Melbourne,VIC,,minor,overload,FALSE
Bulk event 92,2021-04-02,,2021-04-02,,TRUE,Test Venu,Melbourne,VIC,,minor,overload,FALSE
Bulk event 93,2021-04-02,,2021-04-02,,TRUE,Test Venu,Melbourne,VIC,,minor,overload,FALSE
Bulk event 94,2021-04-02,,2021-04-02,,TRUE,Test Venu,Melbourne,VIC,,minor,overload,FALSE
Bulk event 95,2021-04-02,,2021-04-02,,TRUE,Test Venu,Melbourne,VIC,,minor,overload,FALSE
Bulk event 96,2021-04-02,,2021-04-02,,TRUE,Test Venu,Melbourne,VIC,,minor,overload,FALSE
Bulk event 97,2021-04-02,,2021-04-02,,TRUE,Test Venu,Melbourne,VIC,,minor,overload,FALSE
Bulk event 98,2021-04-02,,2021-04-02,,TRUE,Test Venu,Melbourne,VIC,,minor,overload,FALSE
Bulk event 99,2021-04-02,,2021-04-02,,TRUE,Test Venu,Melbourne,VIC,,minor,overload,FALSE
Bulk event 100,2021-04-02,,2021-04-02,,TRUE,Test Venu,Melbourne,VIC,,minor,overload,FALSE
Bulk event 101,2021-04-02,,2021-04-02,,TRUE,Test Venu,Melbourne,VIC,,minor,overload,FALSE
Bulk event 102,2021-04-02,,2021-04-02,,TRUE,Test Venu,Melbourne,VIC,,minor,overload,FALSE
Bulk event 103,2021-04-02,,2021-04-02,,TRUE,Test Venu,Melbourne,VIC,,minor,overload,FALSE
Bulk event 104,2021-04-02,,2021-04-02,,TRUE,Test Venu,Melbourne,VIC,,minor,overload,FALSE
Bulk event 105,2021-04-02,,2021-04-02,,TRUE,Test Venu,Melbourne,VIC,,minor,overload,FALSE
Bulk event 106,2021-04-02,,2021-04-02,,TRUE,Test Venu,Melbourne,VIC,,minor,overload,FALSE
Bulk event 107,2021-04-02,,2021-04-02,,TRUE,Test Venu,Melbourne,VIC,,minor,overload,FALSE
Bulk event 108,2021-04-02,,2021-04-02,,TRUE,Test Venu,Melbourne,VIC,,minor,overload,FALSE
Bulk event 109,2021-04-02,,2021-04-02,,TRUE,Test Venu,Melbourne,VIC,,minor,overload,FALSE
Bulk event 110,2021-04-02,,2021-04-02,,TRUE,Test Venu,Melbourne,VIC,,minor,overload,FALSE
Bulk event 111,2021-04-02,,2021-04-02,,TRUE,Test Venu,Melbourne,VIC,,minor,overload,FALSE
Bulk event 112,2021-04-02,,2021-04-02,,TRUE,Test Venu,Melbourne,VIC,,minor,overload,FALSE
Bulk event 113,2021-04-02,,2021-04-02,,TRUE,Test Venu,Melbourne,VIC,,minor,overload,FALSE
Bulk event 114,2021-04-02,,2021-04-02,,TRUE,Test Venu,Melbourne,VIC,,minor,overload,FALSE
Bulk event 115,2021-04-02,,2021-04-02,,TRUE,Test Venu,Melbourne,VIC,,minor,overload,FALSE
Bulk event 116,2021-04-02,,2021-04-02,,TRUE,Test Venu,Melbourne,VIC,,minor,overload,FALSE
Bulk event 117,2021-04-02,,2021-04-02,,TRUE,Test Venu,Melbourne,VIC,,minor,overload,FALSE
Bulk event 118,2021-04-02,,2021-04-02,,TRUE,Test Venu,Melbourne,VIC,,minor,overload,FALSE
Bulk event 119,2021-04-02,,2021-04-02,,TRUE,Test Venu,Melbourne,VIC,,minor,overload,FALSE
Bulk event 120,2021-04-02,,2021-04-02,,TRUE,Test Venu,Melbourne,VIC,,minor,overload,FALSE
Bulk event 121,2021-04-02,,2021-04-02,,TRUE,Test Venu,Melbourne,VIC,,minor,overload,FALSE
Bulk event 122,2021-04-02,,2021-04-02,,TRUE,Test Venu,Melbourne,VIC,,minor,overload,FALSE
Bulk event 123,2021-04-02,,2021-04-02,,TRUE,Test Venu,Melbourne,VIC,,minor,overload,FALSE
Bulk event 124,2021-04-02,,2021-04-02,,TRUE,Test Venu,Melbourne,VIC,,minor,overload,FALSE
Bulk event 125,2021-04-02,,2021-04-02,,TRUE,Test Venu,Melbourne,VIC,,minor,overload,FALSE
Bulk event 126,2021-04-02,,2021-04-02,,TRUE,Test Venu,Melbourne,VIC,,minor,overload,FALSE
Bulk event 127,2021-04-02,,2021-04-02,,TRUE,Test Venu,Melbourne,VIC,,minor,overload,FALSE
Bulk event 128,2021-04-02,,2021-04-02,,TRUE,Test Venu,Melbourne,VIC,,minor,overload,FALSE
Bulk event 129,2021-04-02,,2021-04-02,,TRUE,Test Venu,Melbourne,VIC,,minor,overload,FALSE
Bulk event 130,2021-04-02,,2021-04-02,,TRUE,Test Venu,Melbourne,VIC,,minor,overload,FALSE
Bulk event 131,2021-04-02,,2021-04-02,,TRUE,Test Venu,Melbourne,VIC,,minor,overload,FALSE
Bulk event 132,2021-04-02,,2021-04-02,,TRUE,Test Venu,Melbourne,VIC,,minor,overload,FALSE
Bulk event 133,2021-04-02,,2021-04-02,,TRUE,Test Venu,Melbourne,VIC,,minor,overload,FALSE
Bulk event 134,2021-04-02,,2021-04-02,,TRUE,Test Venu,Melbourne,VIC,,minor,overload,FALSE
Bulk event 135,2021-04-02,,2021-04-02,,TRUE,Test Venu,Melbourne,VIC,,minor,overload,FALSE
Bulk event 136,2021-04-02,,2021-04-02,,TRUE,Test Venu,Melbourne,VIC,,minor,overload,FALSE
Bulk event 137,2021-04-02,,2021-04-02,,TRUE,Test Venu,Melbourne,VIC,,minor,overload,FALSE
Bulk event 138,2021-04-02,,2021-04-02,,TRUE,Test Venu,Melbourne,VIC,,minor,overload,FALSE
Bulk event 139,2021-04-02,,2021-04-02,,TRUE,Test Venu,Melbourne,VIC,,minor,overload,FALSE
Bulk event 140,2021-04-02,,2021-04-02,,TRUE,Test Venu,Melbourne,VIC,,minor,overload,FALSE
Bulk event 141,2021-04-02,,2021-04-02,,TRUE,Test Venu,Melbourne,VIC,,minor,overload,FALSE
Bulk event 142,2021-04-02,,2021-04-02,,TRUE,Test Venu,Melbourne,VIC,,minor,overload,FALSE
Bulk event 143,2021-04-02,,2021-04-02,,TRUE,Test Venu,Melbourne,VIC,,minor,overload,FALSE
Bulk event 144,2021-04-02,,2021-04-02,,TRUE,Test Venu,Melbourne,VIC,,minor,overload,FALSE
Bulk event 145,2021-04-02,,2021-04-02,,TRUE,Test Venu,Melbourne,VIC,,minor,overload,FALSE
Bulk event 146,2021-04-02,,2021-04-02,,TRUE,Test Venu,Melbourne,VIC,,minor,overload,FALSE
Bulk event 147,2021-04-02,,2021-04-02,,TRUE,Test Venu,Melbourne,VIC,,minor,overload,FALSE
Bulk event 148,2021-04-02,,2021-04-02,,TRUE,Test Venu,Melbourne,VIC,,minor,overload,FALSE
Bulk event 149,2021-04-02,,2021-04-02,,TRUE,Test Venu,Melbourne,VIC,,minor,overload,FALSE
Bulk event 150,2021-04-02,,2021-04-02,,TRUE,Test Venu,Melbourne,VIC,,minor,overload,FALSE
Bulk event 151,2021-04-02,,2021-04-02,,TRUE,Test Venu,Melbourne,VIC,,minor,overload,FALSE
Bulk event 152,2021-04-02,,2021-04-02,,TRUE,Test Venu,Melbourne,VIC,,minor,overload,FALSE
Bulk event 153,2021-04-02,,2021-04-02,,TRUE,Test Venu,Melbourne,VIC,,minor,overload,FALSE
Bulk event 154,2021-04-02,,2021-04-02,,TRUE,Test Venu,Melbourne,VIC,,minor,overload,FALSE
Bulk event 155,2021-04-02,,2021-04-02,,TRUE,Test Venu,Melbourne,VIC,,minor,overload,FALSE
Bulk event 156,2021-04-02,,2021-04-02,,TRUE,Test Venu,Melbourne,VIC,,minor,overload,FALSE
Bulk event 157,2021-04-02,,2021-04-02,,TRUE,Test Venu,Melbourne,VIC,,minor,overload,FALSE
Bulk event 158,2021-04-02,,2021-04-02,,TRUE,Test Venu,Melbourne,VIC,,minor,overload,FALSE
Bulk event 159,2021-04-02,,2021-04-02,,TRUE,Test Venu,Melbourne,VIC,,minor,overload,FALSE
Bulk event 160,2021-04-02,,2021-04-02,,TRUE,Test Venu,Melbourne,VIC,,minor,overload,FALSE
Bulk event 161,2021-04-02,,2021-04-02,,TRUE,Test Venu,Melbourne,VIC,,minor,overload,FALSE
Bulk event 162,2021-04-02,,2021-04-02,,TRUE,Test Venu,Melbourne,VIC,,minor,overload,FALSE
Bulk event 163,2021-04-02,,2021-04-02,,TRUE,Test Venu,Melbourne,VIC,,minor,overload,FALSE
Bulk event 164,2021-04-02,,2021-04-02,,TRUE,Test Venu,Melbourne,VIC,,minor,overload,FALSE
Bulk event 165,2021-04-02,,2021-04-02,,TRUE,Test Venu,Melbourne,VIC,,minor,overload,FALSE
Bulk event 166,2021-04-02,,2021-04-02,,TRUE,Test Venu,Melbourne,VIC,,minor,overload,FALSE
Bulk event 167,2021-04-02,,2021-04-02,,TRUE,Test Venu,Melbourne,VIC,,minor,overload,FALSE
Bulk event 168,2021-04-02,,2021-04-02,,TRUE,Test Venu,Melbourne,VIC,,minor,overload,FALSE
Bulk event 169,2021-04-02,,2021-04-02,,TRUE,Test Venu,Melbourne,VIC,,minor,overload,FALSE
Bulk event 170,2021-04-02,,2021-04-02,,TRUE,Test Venu,Melbourne,VIC,,minor,overload,FALSE
Bulk event 171,2021-04-02,,2021-04-02,,TRUE,Test Venu,Melbourne,VIC,,minor,overload,FALSE
Bulk event 172,2021-04-02,,2021-04-02,,TRUE,Test Venu,Melbourne,VIC,,minor,overload,FALSE
Bulk event 173,2021-04-02,,2021-04-02,,TRUE,Test Venu,Melbourne,VIC,,minor,overload,FALSE
Bulk event 174,2021-04-02,,2021-04-02,,TRUE,Test Venu,Melbourne,VIC,,minor,overload,FALSE
Bulk event 175,2021-04-02,,2021-04-02,,TRUE,Test Venu,Melbourne,VIC,,minor,overload,FALSE
Bulk event 176,2021-04-02,,2021-04-02,,TRUE,Test Venu,Melbourne,VIC,,minor,overload,FALSE
Bulk event 177,2021-04-02,,2021-04-02,,TRUE,Test Venu,Melbourne,VIC,,minor,overload,FALSE
Bulk event 178,2021-04-02,,2021-04-02,,TRUE,Test Venu,Melbourne,VIC,,minor,overload,FALSE
Bulk event 179,2021-04-02,,2021-04-02,,TRUE,Test Venu,Melbourne,VIC,,minor,overload,FALSE
Bulk event 180,2021-04-02,,2021-04-02,,TRUE,Test Venu,Melbourne,VIC,,minor,overload,FALSE
Bulk event 181,2021-04-02,,2021-04-02,,TRUE,Test Venu,Melbourne,VIC,,minor,overload,FALSE
Bulk event 182,2021-04-02,,2021-04-02,,TRUE,Test Venu,Melbourne,VIC,,minor,overload,FALSE
Bulk event 183,2021-04-02,,2021-04-02,,TRUE,Test Venu,Melbourne,VIC,,minor,overload,FALSE
Bulk event 184,2021-04-02,,2021-04-02,,TRUE,Test Venu,Melbourne,VIC,,minor,overload,FALSE
Bulk event 185,2021-04-02,,2021-04-02,,TRUE,Test Venu,Melbourne,VIC,,minor,overload,FALSE
Bulk event 186,2021-04-02,,2021-04-02,,TRUE,Test Venu,Melbourne,VIC,,minor,overload,FALSE
Bulk event 187,2021-04-02,,2021-04-02,,TRUE,Test Venu,Melbourne,VIC,,minor,overload,FALSE
Bulk event 188,2021-04-02,,2021-04-02,,TRUE,Test Venu,Melbourne,VIC,,minor,overload,FALSE
Bulk event 189,2021-04-02,,2021-04-02,,TRUE,Test Venu,Melbourne,VIC,,minor,overload,FALSE
Bulk event 190,2021-04-02,,2021-04-02,,TRUE,Test Venu,Melbourne,VIC,,minor,overload,FALSE
Bulk event 191,2021-04-02,,2021-04-02,,TRUE,Test Venu,Melbourne,VIC,,minor,overload,FALSE
Bulk event 192,2021-04-02,,2021-04-02,,TRUE,Test Venu,Melbourne,VIC,,minor,overload,FALSE
Bulk event 193,2021-04-02,,2021-04-02,,TRUE,Test Venu,Melbourne,VIC,,minor,overload,FALSE
Bulk event 194,2021-04-02,,2021-04-02,,TRUE,Test Venu,Melbourne,VIC,,minor,overload,FALSE
Bulk event 195,2021-04-02,,2021-04-02,,TRUE,Test Venu,Melbourne,VIC,,minor,overload,FALSE
Bulk event 196,2021-04-02,,2021-04-02,,TRUE,Test Venu,Melbourne,VIC,,minor,overload,FALSE
Bulk event 197,2021-04-02,,2021-04-02,,TRUE,Test Venu,Melbourne,VIC,,minor,overload,FALSE
Bulk event 198,2021-04-02,,2021-04-02,,TRUE,Test Venu,Melbourne,VIC,,minor,overload,FALSE
Bulk event 199,2021-04-02,,2021-04-02,,TRUE,Test Venu,Melbourne,VIC,,minor,overload,FALSE
Bulk event 200,2021-04-02,,2021-04-02,,TRUE,Test Venu,Melbourne,VIC,,minor,overload,FALSE
Bulk event 201,2021-04-02,,2021-04-02,,TRUE,Test Venu,Melbourne,VIC,,minor,overload,FALSE
Bulk event 202,2021-04-02,,2021-04-02,,TRUE,Test Venu,Melbourne,VIC,,minor,overload,FALSE
Bulk event 203,2021-04-02,,2021-04-02,,TRUE,Test Venu,Melbourne,VIC,,minor,overload,FALSE
Bulk event 204,2021-04-02,,2021-04-02,,TRUE,Test Venu,Melbourne,VIC,,minor,overload,FALSE
Bulk event 205,2021-04-02,,2021-04-02,,TRUE,Test Venu,Melbourne,VIC,,minor,overload,FALSE
Bulk event 206,2021-04-02,,2021-04-02,,TRUE,Test Venu,Melbourne,VIC,,minor,overload,FALSE
Bulk event 207,2021-04-02,,2021-04-02,,TRUE,Test Venu,Melbourne,VIC,,minor,overload,FALSE
Bulk event 208,2021-04-02,,2021-04-02,,TRUE,Test Venu,Melbourne,VIC,,minor,overload,FALSE
Bulk event 209,2021-04-02,,2021-04-02,,TRUE,Test Venu,Melbourne,VIC,,minor,overload,FALSE
Bulk event 210,2021-04-02,,2021-04-02,,TRUE,Test Venu,Melbourne,VIC,,minor,overload,FALSE
Bulk event 211,2021-04-02,,2021-04-02,,TRUE,Test Venu,Melbourne,VIC,,minor,overload,FALSE
Bulk event 212,2021-04-02,,2021-04-02,,TRUE,Test Venu,Melbourne,VIC,,minor,overload,FALSE
Bulk event 213,2021-04-02,,2021-04-02,,TRUE,Test Venu,Melbourne,VIC,,minor,overload,FALSE
Bulk event 214,2021-04-02,,2021-04-02,,TRUE,Test Venu,Melbourne,VIC,,minor,overload,FALSE
Bulk event 215,2021-04-02,,2021-04-02,,TRUE,Test Venu,Melbourne,VIC,,minor,overload,FALSE
Bulk event 216,2021-04-02,,2021-04-02,,TRUE,Test Venu,Melbourne,VIC,,minor,overload,FALSE
Bulk event 217,2021-04-02,,2021-04-02,,TRUE,Test Venu,Melbourne,VIC,,minor,overload,FALSE
Bulk event 218,2021-04-02,,2021-04-02,,TRUE,Test Venu,Melbourne,VIC,,minor,overload,FALSE
Bulk event 219,2021-04-02,,2021-04-02,,TRUE,Test Venu,Melbourne,VIC,,minor,overload,FALSE
Bulk event 220,2021-04-02,,2021-04-02,,TRUE,Test Venu,Melbourne,VIC,,minor,overload,FALSE
Bulk event 221,2021-04-02,,2021-04-02,,TRUE,Test Venu,Melbourne,VIC,,minor,overload,FALSE
Bulk event 222,2021-04-02,,2021-04-02,,TRUE,Test Venu,Melbourne,VIC,,minor,overload,FALSE
Bulk event 223,2021-04-02,,2021-04-02,,TRUE,Test Venu,Melbourne,VIC,,minor,overload,FALSE
Bulk event 224,2021-04-02,,2021-04-02,,TRUE,Test Venu,Melbourne,VIC,,minor,overload,FALSE
Bulk event 225,2021-04-02,,2021-04-02,,TRUE,Test Venu,Melbourne,VIC,,minor,overload,FALSE
Bulk event 226,2021-04-02,,2021-04-02,,TRUE,Test Venu,Melbourne,VIC,,minor,overload,FALSE
Bulk event 227,2021-04-02,,2021-04-02,,TRUE,Test Venu,Melbourne,VIC,,minor,overload,FALSE
Bulk event 228,2021-04-02,,2021-04-02,,TRUE,Test Venu,Melbourne,VIC,,minor,overload,FALSE
Bulk event 229,2021-04-02,,2021-04-02,,TRUE,Test Venu,Melbourne,VIC,,minor,overload,FALSE
Bulk event 230,2021-04-02,,2021-04-02,,TRUE,Test Venu,Melbourne,VIC,,minor,overload,FALSE
Bulk event 231,2021-04-02,,2021-04-02,,TRUE,Test Venu,Melbourne,VIC,,minor,overload,FALSE
Bulk event 232,2021-04-02,,2021-04-02,,TRUE,Test Venu,Melbourne,VIC,,minor,overload,FALSE
Bulk event 233,2021-04-02,,2021-04-02,,TRUE,Test Venu,Melbourne,VIC,,minor,overload,FALSE
Bulk event 234,2021-04-02,,2021-04-02,,TRUE,Test Venu,Melbourne,VIC,,minor,overload,FALSE
Bulk event 235,2021-04-02,,2021-04-02,,TRUE,Test Venu,Melbourne,VIC,,minor,overload,FALSE
Bulk event 236,2021-04-02,,2021-04-02,,TRUE,Test Venu,Melbourne,VIC,,minor,overload,FALSE
Bulk event 237,2021-04-02,,2021-04-02,,TRUE,Test Venu,Melbourne,VIC,,minor,overload,FALSE
Bulk event 238,2021-04-02,,2021-04-02,,TRUE,Test Venu,Melbourne,VIC,,minor,overload,FALSE
Bulk event 239,2021-04-02,,2021-04-02,,TRUE,Test Venu,Melbourne,VIC,,minor,overload,FALSE
Bulk event 240,2021-04-02,,2021-04-02,,TRUE,Test Venu,Melbourne,VIC,,minor,overload,FALSE
Bulk event 241,2021-04-02,,2021-04-02,,TRUE,Test Venu,Melbourne,VIC,,minor,overload,FALSE
Bulk event 242,2021-04-02,,2021-04-02,,TRUE,Test Venu,Melbourne,VIC,,minor,overload,FALSE
Bulk event 243,2021-04-02,,2021-04-02,,TRUE,Test Venu,Melbourne,VIC,,minor,overload,FALSE
Bulk event 244,2021-04-02,,2021-04-02,,TRUE,Test Venu,Melbourne,VIC,,minor,overload,FALSE
Bulk event 245,2021-04-02,,2021-04-02,,TRUE,Test Venu,Melbourne,VIC,,minor,overload,FALSE
Bulk event 246,2021-04-02,,2021-04-02,,TRUE,Test Venu,Melbourne,VIC,,minor,overload,FALSE
Bulk event 247,2021-04-02,,2021-04-02,,TRUE,Test Venu,Melbourne,VIC,,minor,overload,FALSE
Bulk event 248,2021-04-02,,2021-04-02,,TRUE,Test Venu,Melbourne,VIC,,minor,overload,FALSE
Bulk event 249,2021-04-02,,2021-04-02,,TRUE,Test Venu,Melbourne,VIC,,minor,overload,FALSE
Bulk event 250,2021-04-02,,2021-04-02,,TRUE,Test Venu,Melbourne,VIC,,minor,overload,FALSE
Bulk event 251,2021-04-02,,2021-04-02,,TRUE,Test Venu,Melbourne,VIC,,minor,overload,FALSE
Bulk event 252,2021-04-02,,2021-04-02,,TRUE,Test Venu,Melbourne,VIC,,minor,overload,FALSE
Bulk event 253,2021-04-02,,2021-04-02,,TRUE,Test Venu,Melbourne,VIC,,minor,overload,FALSE
Bulk event 254,2021-04-02,,2021-04-02,,TRUE,Test Venu,Melbourne,VIC,,minor,overload,FALSE
Bulk event 255,2021-04-02,,2021-04-02,,TRUE,Test Venu,Melbourne,VIC,,minor,overload,FALSE
Bulk event 256,2021-04-02,,2021-04-02,,TRUE,Test Venu,Melbourne,VIC,,minor,overload,FALSE
Bulk event 257,2021-04-02,,2021-04-02,,TRUE,Test Venu,Melbourne,VIC,,minor,overload,FALSE
Bulk event 258,2021-04-02,,2021-04-02,,TRUE,Test Venu,Melbourne,VIC,,minor,overload,FALSE
Bulk event 259,2021-04-02,,2021-04-02,,TRUE,Test Venu,Melbourne,VIC,,minor,overload,FALSE
Bulk event 260,2021-04-02,,2021-04-02,,TRUE,Test Venu,Melbourne,VIC,,minor,overload,FALSE
Bulk event 261,2021-04-02,,2021-04-02,,TRUE,Test Venu,Melbourne,VIC,,minor,overload,FALSE
Bulk event 262,2021-04-02,,2021-04-02,,TRUE,Test Venu,Melbourne,VIC,,minor,overload,FALSE
Bulk event 263,2021-04-02,,2021-04-02,,TRUE,Test Venu,Melbourne,VIC,,minor,overload,FALSE
Bulk event 264,2021-04-02,,2021-04-02,,TRUE,Test Venu,Melbourne,VIC,,minor,overload,FALSE
Bulk event 265,2021-04-02,,2021-04-02,,TRUE,Test Venu,Melbourne,VIC,,minor,overload,FALSE
Bulk event 266,2021-04-02,,2021-04-02,,TRUE,Test Venu,Melbourne,VIC,,minor,overload,FALSE
Bulk event 267,2021-04-02,,2021-04-02,,TRUE,Test Venu,Melbourne,VIC,,minor,overload,FALSE
Bulk event 268,2021-04-02,,2021-04-02,,TRUE,Test Venu,Melbourne,VIC,,minor,overload,FALSE
Bulk event 269,2021-04-02,,2021-04-02,,TRUE,Test Venu,Melbourne,VIC,,minor,overload,FALSE
Bulk event 270,2021-04-02,,2021-04-02,,TRUE,Test Venu,Melbourne,VIC,,minor,overload,FALSE
Bulk event 271,2021-04-02,,2021-04-02,,TRUE,Test Venu,Melbourne,VIC,,minor,overload,FALSE
Bulk event 272,2021-04-02,,2021-04-02,,TRUE,Test Venu,Melbourne,VIC,,minor,overload,FALSE
Bulk event 273,2021-04-02,,2021-04-02,,TRUE,Test Venu,Melbourne,VIC,,minor,overload,FALSE
Bulk event 274,2021-04-02,,2021-04-02,,TRUE,Test Venu,Melbourne,VIC,,minor,overload,FALSE
Bulk event 275,2021-04-02,,2021-04-02,,TRUE,Test Venu,Melbourne,VIC,,minor,overload,FALSE
Bulk event 276,2021-04-02,,2021-04-02,,TRUE,Test Venu,Melbourne,VIC,,minor,overload,FALSE
Bulk event 277,2021-04-02,,2021-04-02,,TRUE,Test Venu,Melbourne,VIC,,minor,overload,FALSE
Bulk event 278,2021-04-02,,2021-04-02,,TRUE,Test Venu,Melbourne,VIC,,minor,overload,FALSE
Bulk event 279,2021-04-02,,2021-04-02,,TRUE,Test Venu,Melbourne,VIC,,minor,overload,FALSE
Bulk event 280,2021-04-02,,2021-04-02,,TRUE,Test Venu,Melbourne,VIC,,minor,overload,FALSE
Bulk event 281,2021-04-02,,2021-04-02,,TRUE,Test Venu,Melbourne,VIC,,minor,overload,FALSE
Bulk event 282,2021-04-02,,2021-04-02,,TRUE,Test Venu,Melbourne,VIC,,minor,overload,FALSE
Bulk event 283,2021-04-02,,2021-04-02,,TRUE,Test Venu,Melbourne,VIC,,minor,overload,FALSE
Bulk event 284,2021-04-02,,2021-04-02,,TRUE,Test Venu,Melbourne,VIC,,minor,overload,FALSE
Bulk event 285,2021-04-02,,2021-04-02,,TRUE,Test Venu,Melbourne,VIC,,minor,overload,FALSE
Bulk event 286,2021-04-02,,2021-04-02,,TRUE,Test Venu,Melbourne,VIC,,minor,overload,FALSE
Bulk event 287,2021-04-02,,2021-04-02,,TRUE,Test Venu,Melbourne,VIC,,minor,overload,FALSE
Bulk event 288,2021-04-02,,2021-04-02,,TRUE,Test Venu,Melbourne,VIC,,minor,overload,FALSE
Bulk event 289,2021-04-02,,2021-04-02,,TRUE,Test Venu,Melbourne,VIC,,minor,overload,FALSE
Bulk event 290,2021-04-02,,2021-04-02,,TRUE,Test Venu,Melbourne,VIC,,minor,overload,FALSE
Bulk event 291,2021-04-02,,2021-04-02,,TRUE,Test Venu,Melbourne,VIC,,minor,overload,FALSE
Bulk event 292,2021-04-02,,2021-04-02,,TRUE,Test Venu,Melbourne,VIC,,minor,overload,FALSE
Bulk event 293,2021-04-02,,2021-04-02,,TRUE,Test Venu,Melbourne,VIC,,minor,overload,FALSE
Bulk event 294,2021-04-02,,2021-04-02,,TRUE,Test Venu,Melbourne,VIC,,minor,overload,FALSE
Bulk event 295,2021-04-02,,2021-04-02,,TRUE,Test Venu,Melbourne,VIC,,minor,overload,FALSE
Bulk event 296,2021-04-02,,2021-04-02,,TRUE,Test Venu,Melbourne,VIC,,minor,overload,FALSE
Bulk event 297,2021-04-02,,2021-04-02,,TRUE,Test Venu,Melbourne,VIC,,minor,overload,FALSE
Bulk event 298,2021-04-02,,2021-04-02,,TRUE,Test Venu,Melbourne,VIC,,minor,overload,FALSE
Bulk event 299,2021-04-02,,2021-04-02,,TRUE,Test Venu,Melbourne,VIC,,minor,overload,FALSE
Bulk event 300,2021-04-02,,2021-04-02,,TRUE,Test Venu,Melbourne,VIC,,minor,overload,FALSE
Bulk event 301,2021-04-02,,2021-04-02,,TRUE,Test Venu,Melbourne,VIC,,minor,overload,FALSE
Bulk event 302,2021-04-02,,2021-04-02,,TRUE,Test Venu,Melbourne,VIC,,minor,overload,FALSE
Bulk event 303,2021-04-02,,2021-04-02,,TRUE,Test Venu,Melbourne,VIC,,minor,overload,FALSE
Bulk event 304,2021-04-02,,2021-04-02,,TRUE,Test Venu,Melbourne,VIC,,minor,overload,FALSE
Bulk event 305,2021-04-02,,2021-04-02,,TRUE,Test Venu,Melbourne,VIC,,minor,overload,FALSE
Bulk event 306,2021-04-02,,2021-04-02,,TRUE,Test Venu,Melbourne,VIC,,minor,overload,FALSE
Bulk event 307,2021-04-02,,2021-04-02,,TRUE,Test Venu,Melbourne,VIC,,minor,overload,FALSE
Bulk event 308,2021-04-02,,2021-04-02,,TRUE,Test Venu,Melbourne,VIC,,minor,overload,FALSE
Bulk event 309,2021-04-02,,2021-04-02,,TRUE,Test Venu,Melbourne,VIC,,minor,overload,FALSE
Bulk event 310,2021-04-02,,2021-04-02,,TRUE,Test Venu,Melbourne,VIC,,minor,overload,FALSE
Bulk event 311,2021-04-02,,2021-04-02,,TRUE,Test Venu,Melbourne,VIC,,minor,overload,FALSE
Bulk event 312,2021-04-02,,2021-04-02,,TRUE,Test Venu,Melbourne,VIC,,minor,overload,FALSE
Bulk event 313,2021-04-02,,2021-04-02,,TRUE,Test Venu,Melbourne,VIC,,minor,overload,FALSE
Bulk event 314,2021-04-02,,2021-04-02,,TRUE,Test Venu,Melbourne,VIC,,minor,overload,FALSE
Bulk event 315,2021-04-02,,2021-04-02,,TRUE,Test Venu,Melbourne,VIC,,minor,overload,FALSE
Bulk event 316,2021-04-02,,2021-04-02,,TRUE,Test Venu,Melbourne,VIC,,minor,overload,FALSE
Bulk event 317,2021-04-02,,2021-04-02,,TRUE,Test Venu,Melbourne,VIC,,minor,overload,FALSE
Bulk event 318,2021-04-02,,2021-04-02,,TRUE,Test Venu,Melbourne,VIC,,minor,overload,FALSE
Bulk event 319,2021-04-02,,2021-04-02,,TRUE,Test Venu,Melbourne,VIC,,minor,overload,FALSE
Bulk event 320,2021-04-02,,2021-04-02,,TRUE,Test Venu,Melbourne,VIC,,minor,overload,FALSE
Bulk event 321,2021-04-02,,2021-04-02,,TRUE,Test Venu,Melbourne,VIC,,minor,overload,FALSE
Bulk event 322,2021-04-02,,2021-04-02,,TRUE,Test Venu,Melbourne,VIC,,minor,overload,FALSE
Bulk event 323,2021-04-02,,2021-04-02,,TRUE,Test Venu,Melbourne,VIC,,minor,overload,FALSE
Bulk event 324,2021-04-02,,2021-04-02,,TRUE,Test Venu,Melbourne,VIC,,minor,overload,FALSE
Bulk event 325,2021-04-02,,2021-04-02,,TRUE,Test Venu,Melbourne,VIC,,minor,overload,FALSE
Bulk event 326,2021-04-02,,2021-04-02,,TRUE,Test Venu,Melbourne,VIC,,minor,overload,FALSE
Bulk event 327,2021-04-02,,2021-04-02,,TRUE,Test Venu,Melbourne,VIC,,minor,overload,FALSE
Bulk event 328,2021-04-02,,2021-04-02,,TRUE,Test Venu,Melbourne,VIC,,minor,overload,FALSE
Bulk event 329,2021-04-02,,2021-04-02,,TRUE,Test Venu,Melbourne,VIC,,minor,overload,FALSE
Bulk event 330,2021-04-02,,2021-04-02,,TRUE,Test Venu,Melbourne,VIC,,minor,overload,FALSE
Bulk event 331,2021-04-02,,2021-04-02,,TRUE,Test Venu,Melbourne,VIC,,minor,overload,FALSE
Bulk event 332,2021-04-02,,2021-04-02,,TRUE,Test Venu,Melbourne,VIC,,minor,overload,FALSE
Bulk event 333,2021-04-02,,2021-04-02,,TRUE,Test Venu,Melbourne,VIC,,minor,overload,FALSE
Bulk event 334,2021-04-02,,2021-04-02,,TRUE,Test Venu,Melbourne,VIC,,minor,overload,FALSE
Bulk event 335,2021-04-02,,2021-04-02,,TRUE,Test Venu,Melbourne,VIC,,minor,overload,FALSE
Bulk event 336,2021-04-02,,2021-04-02,,TRUE,Test Venu,Melbourne,VIC,,minor,overload,FALSE
Bulk event 337,2021-04-02,,2021-04-02,,TRUE,Test Venu,Melbourne,VIC,,minor,overload,FALSE
Bulk event 338,2021-04-02,,2021-04-02,,TRUE,Test Venu,Melbourne,VIC,,minor,overload,FALSE
Bulk event 339,2021-04-02,,2021-04-02,,TRUE,Test Venu,Melbourne,VIC,,minor,overload,FALSE
Bulk event 340,2021-04-02,,2021-04-02,,TRUE,Test Venu,Melbourne,VIC,,minor,overload,FALSE
Bulk event 341,2021-04-02,,2021-04-02,,TRUE,Test Venu,Melbourne,VIC,,minor,overload,FALSE
Bulk event 342,2021-04-02,,2021-04-02,,TRUE,Test Venu,Melbourne,VIC,,minor,overload,FALSE
Bulk event 343,2021-04-02,,2021-04-02,,TRUE,Test Venu,Melbourne,VIC,,minor,overload,FALSE
Bulk event 344,2021-04-02,,2021-04-02,,TRUE,Test Venu,Melbourne,VIC,,minor,overload,FALSE
Bulk event 345,2021-04-02,,2021-04-02,,TRUE,Test Venu,Melbourne,VIC,,minor,overload,FALSE
Bulk event 346,2021-04-02,,2021-04-02,,TRUE,Test Venu,Melbourne,VIC,,minor,overload,FALSE
Bulk event 347,2021-04-02,,2021-04-02,,TRUE,Test Venu,Melbourne,VIC,,minor,overload,FALSE
Bulk event 348,2021-04-02,,2021-04-02,,TRUE,Test Venu,Melbourne,VIC,,minor,overload,FALSE
Bulk event 349,2021-04-02,,2021-04-02,,TRUE,Test Venu,Melbourne,VIC,,minor,overload,FALSE
Bulk event 350,2021-04-02,,2021-04-02,,TRUE,Test Venu,Melbourne,VIC,,minor,overload,FALSE
Bulk event 351,2021-04-02,,2021-04-02,,TRUE,Test Venu,Melbourne,VIC,,minor,overload,FALSE
Bulk event 352,2021-04-02,,2021-04-02,,TRUE,Test Venu,Melbourne,VIC,,minor,overload,FALSE
Bulk event 353,2021-04-02,,2021-04-02,,TRUE,Test Venu,Melbourne,VIC,,minor,overload,FALSE
Bulk event 354,2021-04-02,,2021-04-02,,TRUE,Test Venu,Melbourne,VIC,,minor,overload,FALSE
Bulk event 355,2021-04-02,,2021-04-02,,TRUE,Test Venu,Melbourne,VIC,,minor,overload,FALSE
Bulk event 356,2021-04-02,,2021-04-02,,TRUE,Test Venu,Melbourne,VIC,,minor,overload,FALSE
Bulk event 357,2021-04-02,,2021-04-02,,TRUE,Test Venu,Melbourne,VIC,,minor,overload,FALSE
Bulk event 358,2021-04-02,,2021-04-02,,TRUE,Test Venu,Melbourne,VIC,,minor,overload,FALSE
Bulk event 359,2021-04-02,,2021-04-02,,TRUE,Test Venu,Melbourne,VIC,,minor,overload,FALSE
Bulk event 360,2021-04-02,,2021-04-02,,TRUE,Test Venu,Melbourne,VIC,,minor,overload,FALSE
Bulk event 361,2021-04-02,,2021-04-02,,TRUE,Test Venu,Melbourne,VIC,,minor,overload,FALSE
Bulk event 362,2021-04-02,,2021-04-02,,TRUE,Test Venu,Melbourne,VIC,,minor,overload,FALSE
Bulk event 363,2021-04-02,,2021-04-02,,TRUE,Test Venu,Melbourne,VIC,,minor,overload,FALSE
Bulk event 364,2021-04-02,,2021-04-02,,TRUE,Test Venu,Melbourne,VIC,,minor,overload,FALSE
Bulk event 365,2021-04-02,,2021-04-02,,TRUE,Test Venu,Melbourne,VIC,,minor,overload,FALSE
Bulk event 366,2021-04-02,,2021-04-02,,TRUE,Test Venu,Melbourne,VIC,,minor,overload,FALSE
Bulk event 367,2021-04-02,,2021-04-02,,TRUE,Test Venu,Melbourne,VIC,,minor,overload,FALSE
Bulk event 368,2021-04-02,,2021-04-02,,TRUE,Test Venu,Melbourne,VIC,,minor,overload,FALSE
Bulk event 369,2021-04-02,,2021-04-02,,TRUE,Test Venu,Melbourne,VIC,,minor,overload,FALSE
Bulk event 370,2021-04-02,,2021-04-02,,TRUE,Test Venu,Melbourne,VIC,,minor,overload,FALSE
Bulk event 371,2021-04-02,,2021-04-02,,TRUE,Test Venu,Melbourne,VIC,,minor,overload,FALSE
Bulk event 372,2021-04-02,,2021-04-02,,TRUE,Test Venu,Melbourne,VIC,,minor,overload,FALSE
Bulk event 373,2021-04-02,,2021-04-02,,TRUE,Test Venu,Melbourne,VIC,,minor,overload,FALSE
Bulk event 374,2021-04-02,,2021-04-02,,TRUE,Test Venu,Melbourne,VIC,,minor,overload,FALSE
Bulk event 375,2021-04-02,,2021-04-02,,TRUE,Test Venu,Melbourne,VIC,,minor,overload,FALSE
Bulk event 376,2021-04-02,,2021-04-02,,TRUE,Test Venu,Melbourne,VIC,,minor,overload,FALSE
Bulk event 377,2021-04-02,,2021-04-02,,TRUE,Test Venu,Melbourne,VIC,,minor,overload,FALSE
Bulk event 378,2021-04-02,,2021-04-02,,TRUE,Test Venu,Melbourne,VIC,,minor,overload,FALSE
Bulk event 379,2021-04-02,,2021-04-02,,TRUE,Test Venu,Melbourne,VIC,,minor,overload,FALSE
Bulk event 380,2021-04-02,,2021-04-02,,TRUE,Test Venu,Melbourne,VIC,,minor,overload,FALSE
Bulk event 381,2021-04-02,,2021-04-02,,TRUE,Test Venu,Melbourne,VIC,,minor,overload,FALSE
Bulk event 382,2021-04-02,,2021-04-02,,TRUE,Test Venu,Melbourne,VIC,,minor,overload,FALSE
Bulk event 383,2021-04-02,,2021-04-02,,TRUE,Test Venu,Melbourne,VIC,,minor,overload,FALSE
Bulk event 384,2021-04-02,,2021-04-02,,TRUE,Test Venu,Melbourne,VIC,,minor,overload,FALSE
Bulk event 385,2021-04-02,,2021-04-02,,TRUE,Test Venu,Melbourne,VIC,,minor,overload,FALSE
Bulk event 386,2021-04-02,,2021-04-02,,TRUE,Test Venu,Melbourne,VIC,,minor,overload,FALSE
Bulk event 387,2021-04-02,,2021-04-02,,TRUE,Test Venu,Melbourne,VIC,,minor,overload,FALSE
Bulk event 388,2021-04-02,,2021-04-02,,TRUE,Test Venu,Melbourne,VIC,,minor,overload,FALSE
Bulk event 389,2021-04-02,,2021-04-02,,TRUE,Test Venu,Melbourne,VIC,,minor,overload,FALSE
Bulk event 390,2021-04-02,,2021-04-02,,TRUE,Test Venu,Melbourne,VIC,,minor,overload,FALSE
Bulk event 391,2021-04-02,,2021-04-02,,TRUE,Test Venu,Melbourne,VIC,,minor,overload,FALSE
Bulk event 392,2021-04-02,,2021-04-02,,TRUE,Test Venu,Melbourne,VIC,,minor,overload,FALSE
Bulk event 393,2021-04-02,,2021-04-02,,TRUE,Test Venu,Melbourne,VIC,,minor,overload,FALSE
Bulk event 394,2021-04-02,,2021-04-02,,TRUE,Test Venu,Melbourne,VIC,,minor,overload,FALSE
Bulk event 395,2021-04-02,,2021-04-02,,TRUE,Test Venu,Melbourne,VIC,,minor,overload,FALSE
Bulk event 396,2021-04-02,,2021-04-02,,TRUE,Test Venu,Melbourne,VIC,,minor,overload,FALSE
Bulk event 397,2021-04-02,,2021-04-02,,TRUE,Test Venu,Melbourne,VIC,,minor,overload,FALSE
Bulk event 398,2021-04-02,,2021-04-02,,TRUE,Test Venu,Melbourne,VIC,,minor,overload,FALSE
Bulk event 399,2021-04-02,,2021-04-02,,TRUE,Test Venu,Melbourne,VIC,,minor,overload,FALSE
Bulk event 400,2021-04-02,,2021-04-02,,TRUE,Test Venu,Melbourne,VIC,,minor,overload,FALSE
Bulk event 401,2021-04-02,,2021-04-02,,TRUE,Test Venu,Melbourne,VIC,,minor,overload,FALSE
Bulk event 402,2021-04-02,,2021-04-02,,TRUE,Test Venu,Melbourne,VIC,,minor,overload,FALSE
Bulk event 403,2021-04-02,,2021-04-02,,TRUE,Test Venu,Melbourne,VIC,,minor,overload,FALSE
Bulk event 404,2021-04-02,,2021-04-02,,TRUE,Test Venu,Melbourne,VIC,,minor,overload,FALSE
Bulk event 405,2021-04-02,,2021-04-02,,TRUE,Test Venu,Melbourne,VIC,,minor,overload,FALSE
Bulk event 406,2021-04-02,,2021-04-02,,TRUE,Test Venu,Melbourne,VIC,,minor,overload,FALSE
Bulk event 407,2021-04-02,,2021-04-02,,TRUE,Test Venu,Melbourne,VIC,,minor,overload,FALSE
Bulk event 408,2021-04-02,,2021-04-02,,TRUE,Test Venu,Melbourne,VIC,,minor,overload,FALSE
Bulk event 409,2021-04-02,,2021-04-02,,TRUE,Test Venu,Melbourne,VIC,,minor,overload,FALSE
Bulk event 410,2021-04-02,,2021-04-02,,TRUE,Test Venu,Melbourne,VIC,,minor,overload,FALSE
Bulk event 411,2021-04-02,,2021-04-02,,TRUE,Test Venu,Melbourne,VIC,,minor,overload,FALSE
Bulk event 412,2021-04-02,,2021-04-02,,TRUE,Test Venu,Melbourne,VIC,,minor,overload,FALSE
Bulk event 413,2021-04-02,,2021-04-02,,TRUE,Test Venu,Melbourne,VIC,,minor,overload,FALSE
Bulk event 414,2021-04-02,,2021-04-02,,TRUE,Test Venu,Melbourne,VIC,,minor,overload,FALSE
Bulk event 415,2021-04-02,,2021-04-02,,TRUE,Test Venu,Melbourne,VIC,,minor,overload,FALSE
Bulk event 416,2021-04-02,,2021-04-02,,TRUE,Test Venu,Melbourne,VIC,,minor,overload,FALSE
Bulk event 417,2021-04-02,,2021-04-02,,TRUE,Test Venu,Melbourne,VIC,,minor,overload,FALSE
Bulk event 418,2021-04-02,,2021-04-02,,TRUE,Test Venu,Melbourne,VIC,,minor,overload,FALSE
Bulk event 419,2021-04-02,,2021-04-02,,TRUE,Test Venu,Melbourne,VIC,,minor,overload,FALSE
Bulk event 420,2021-04-02,,2021-04-02,,TRUE,Test Venu,Melbourne,VIC,,minor,overload,FALSE
Bulk event 421,2021-04-02,,2021-04-02,,TRUE,Test Venu,Melbourne,VIC,,minor,overload,FALSE
Bulk event 422,2021-04-02,,2021-04-02,,TRUE,Test Venu,Melbourne,VIC,,minor,overload,FALSE
Bulk event 423,2021-04-02,,2021-04-02,,TRUE,Test Venu,Melbourne,VIC,,minor,overload,FALSE
Bulk event 424,2021-04-02,,2021-04-02,,TRUE,Test Venu,Melbourne,VIC,,minor,overload,FALSE
Bulk event 425,2021-04-02,,2021-04-02,,TRUE,Test Venu,Melbourne,VIC,,minor,overload,FALSE
Bulk event 426,2021-04-02,,2021-04-02,,TRUE,Test Venu,Melbourne,VIC,,minor,overload,FALSE
Bulk event 427,2021-04-02,,2021-04-02,,TRUE,Test Venu,Melbourne,VIC,,minor,overload,FALSE
Bulk event 428,2021-04-02,,2021-04-02,,TRUE,Test Venu,Melbourne,VIC,,minor,overload,FALSE
Bulk event 429,2021-04-02,,2021-04-02,,TRUE,Test Venu,Melbourne,VIC,,minor,overload,FALSE
Bulk event 430,2021-04-02,,2021-04-02,,TRUE,Test Venu,Melbourne,VIC,,minor,overload,FALSE
Bulk event 431,2021-04-02,,2021-04-02,,TRUE,Test Venu,Melbourne,VIC,,minor,overload,FALSE
Bulk event 432,2021-04-02,,2021-04-02,,TRUE,Test Venu,Melbourne,VIC,,minor,overload,FALSE
Bulk event 433,2021-04-02,,2021-04-02,,TRUE,Test Venu,Melbourne,VIC,,minor,overload,FALSE
Bulk event 434,2021-04-02,,2021-04-02,,TRUE,Test Venu,Melbourne,VIC,,minor,overload,FALSE
Bulk event 435,2021-04-02,,2021-04-02,,TRUE,Test Venu,Melbourne,VIC,,minor,overload,FALSE
Bulk event 436,2021-04-02,,2021-04-02,,TRUE,Test Venu,Melbourne,VIC,,minor,overload,FALSE
Bulk event 437,2021-04-02,,2021-04-02,,TRUE,Test Venu,Melbourne,VIC,,minor,overload,FALSE
Bulk event 438,2021-04-02,,2021-04-02,,TRUE,Test Venu,Melbourne,VIC,,minor,overload,FALSE
Bulk event 439,2021-04-02,,2021-04-02,,TRUE,Test Venu,Melbourne,VIC,,minor,overload,FALSE
Bulk event 440,2021-04-02,,2021-04-02,,TRUE,Test Venu,Melbourne,VIC,,minor,overload,FALSE
Bulk event 441,2021-04-02,,2021-04-02,,TRUE,Test Venu,Melbourne,VIC,,minor,overload,FALSE
Bulk event 442,2021-04-02,,2021-04-02,,TRUE,Test Venu,Melbourne,VIC,,minor,overload,FALSE
Bulk event 443,2021-04-02,,2021-04-02,,TRUE,Test Venu,Melbourne,VIC,,minor,overload,FALSE
Bulk event 444,2021-04-02,,2021-04-02,,TRUE,Test Venu,Melbourne,VIC,,minor,overload,FALSE
Bulk event 445,2021-04-02,,2021-04-02,,TRUE,Test Venu,Melbourne,VIC,,minor,overload,FALSE
Bulk event 446,2021-04-02,,2021-04-02,,TRUE,Test Venu,Melbourne,VIC,,minor,overload,FALSE
Bulk event 447,2021-04-02,,2021-04-02,,TRUE,Test Venu,Melbourne,VIC,,minor,overload,FALSE
Bulk event 448,2021-04-02,,2021-04-02,,TRUE,Test Venu,Melbourne,VIC,,minor,overload,FALSE
Bulk event 449,2021-04-02,,2021-04-02,,TRUE,Test Venu,Melbourne,VIC,,minor,overload,FALSE
Bulk event 450,2021-04-02,,2021-04-02,,TRUE,Test Venu,Melbourne,VIC,,minor,overload,FALSE
Bulk event 451,2021-04-02,,2021-04-02,,TRUE,Test Venu,Melbourne,VIC,,minor,overload,FALSE
Bulk event 452,2021-04-02,,2021-04-02,,TRUE,Test Venu,Melbourne,VIC,,minor,overload,FALSE
Bulk event 453,2021-04-02,,2021-04-02,,TRUE,Test Venu,Melbourne,VIC,,minor,overload,FALSE
Bulk event 454,2021-04-02,,2021-04-02,,TRUE,Test Venu,Melbourne,VIC,,minor,overload,FALSE
Bulk event 455,2021-04-02,,2021-04-02,,TRUE,Test Venu,Melbourne,VIC,,minor,overload,FALSE
Bulk event 456,2021-04-02,,2021-04-02,,TRUE,Test Venu,Melbourne,VIC,,minor,overload,FALSE
Bulk event 457,2021-04-02,,2021-04-02,,TRUE,Test Venu,Melbourne,VIC,,minor,overload,FALSE
Bulk event 458,2021-04-02,,2021-04-02,,TRUE,Test Venu,Melbourne,VIC,,minor,overload,FALSE
Bulk event 459,2021-04-02,,2021-04-02,,TRUE,Test Venu,Melbourne,VIC,,minor,overload,FALSE
Bulk event 460,2021-04-02,,2021-04-02,,TRUE,Test Venu,Melbourne,VIC,,minor,overload,FALSE
Bulk event 461,2021-04-02,,2021-04-02,,TRUE,Test Venu,Melbourne,VIC,,minor,overload,FALSE
Bulk event 462,2021-04-02,,2021-04-02,,TRUE,Test Venu,Melbourne,VIC,,minor,overload,FALSE
Bulk event 463,2021-04-02,,2021-04-02,,TRUE,Test Venu,Melbourne,VIC,,minor,overload,FALSE
Bulk event 464,2021-04-02,,2021-04-02,,TRUE,Test Venu,Melbourne,VIC,,minor,overload,FALSE
Bulk event 465,2021-04-02,,2021-04-02,,TRUE,Test Venu,Melbourne,VIC,,minor,overload,FALSE
Bulk event 466,2021-04-02,,2021-04-02,,TRUE,Test Venu,Melbourne,VIC,,minor,overload,FALSE
Bulk event 467,2021-04-02,,2021-04-02,,TRUE,Test Venu,Melbourne,VIC,,minor,overload,FALSE
Bulk event 468,2021-04-02,,2021-04-02,,TRUE,Test Venu,Melbourne,VIC,,minor,overload,FALSE
Bulk event 469,2021-04-02,,2021-04-02,,TRUE,Test Venu,Melbourne,VIC,,minor,overload,FALSE
Bulk event 470,2021-04-02,,2021-04-02,,TRUE,Test Venu,Melbourne,VIC,,minor,overload,FALSE
Bulk event 471,2021-04-02,,2021-04-02,,TRUE,Test Venu,Melbourne,VIC,,minor,overload,FALSE
Bulk event 472,2021-04-02,,2021-04-02,,TRUE,Test Venu,Melbourne,VIC,,minor,overload,FALSE
Bulk event 473,2021-04-02,,2021-04-02,,TRUE,Test Venu,Melbourne,VIC,,minor,overload,FALSE
Bulk event 474,2021-04-02,,2021-04-02,,TRUE,Test Venu,Melbourne,VIC,,minor,overload,FALSE
Bulk event 475,2021-04-02,,2021-04-02,,TRUE,Test Venu,Melbourne,VIC,,minor,overload,FALSE
Bulk event 476,2021-04-02,,2021-04-02,,TRUE,Test Venu,Melbourne,VIC,,minor,overload,FALSE
Bulk event 477,2021-04-02,,2021-04-02,,TRUE,Test Venu,Melbourne,VIC,,minor,overload,FALSE
Bulk event 478,2021-04-02,,2021-04-02,,TRUE,Test Venu,Melbourne,VIC,,minor,overload,FALSE
Bulk event 479,2021-04-02,,2021-04-02,,TRUE,Test Venu,Melbourne,VIC,,minor,overload,FALSE
Bulk event 480,2021-04-02,,2021-04-02,,TRUE,Test Venu,Melbourne,VIC,,minor,overload,FALSE
Bulk event 481,2021-04-02,,2021-04-02,,TRUE,Test Venu,Melbourne,VIC,,minor,overload,FALSE
Bulk event 482,2021-04-02,,2021-04-02,,TRUE,Test Venu,Melbourne,VIC,,minor,overload,FALSE
Bulk event 483,2021-04-02,,2021-04-02,,TRUE,Test Venu,Melbourne,VIC,,minor,overload,FALSE
Bulk event 484,2021-04-02,,2021-04-02,,TRUE,Test Venu,Melbourne,VIC,,minor,overload,FALSE
Bulk event 485,2021-04-02,,2021-04-02,,TRUE,Test Venu,Melbourne,VIC,,minor,overload,FALSE
Bulk event 486,2021-04-02,,2021-04-02,,TRUE,Test Venu,Melbourne,VIC,,minor,overload,FALSE
Bulk event 487,2021-04-02,,2021-04-02,,TRUE,Test Venu,Melbourne,VIC,,minor,overload,FALSE
Bulk event 488,2021-04-02,,2021-04-02,,TRUE,Test Venu,Melbourne,VIC,,minor,overload,FALSE
Bulk event 489,2021-04-02,,2021-04-02,,TRUE,Test Venu,Melbourne,VIC,,minor,overload,FALSE
Bulk event 490,2021-04-02,,2021-04-02,,TRUE,Test Venu,Melbourne,VIC,,minor,overload,FALSE
Bulk event 491,2021-04-02,,2021-04-02,,TRUE,Test Venu,Melbourne,VIC,,minor,overload,FALSE
Bulk event 492,2021-04-02,,2021-04-02,,TRUE,Test Venu,Melbourne,VIC,,minor,overload,FALSE
Bulk event 493,2021-04-02,,2021-04-02,,TRUE,Test Venu,Melbourne,VIC,,minor,overload,FALSE
Bulk event 494,2021-04-02,,2021-04-02,,TRUE,Test Venu,Melbourne,VIC,,minor,overload,FALSE
Bulk event 495,2021-04-02,,2021-04-02,,TRUE,Test Venu,Melbourne,VIC,,minor,overload,FALSE
Bulk event 496,2021-04-02,,2021-04-02,,TRUE,Test Venu,Melbourne,VIC,,minor,overload,FALSE
Bulk event 497,2021-04-02,,2021-04-02,,TRUE,Test Venu,Melbourne,VIC,,minor,overload,FALSE
Bulk event 498,2021-04-02,,2021-04-02,,TRUE,Test Venu,Melbourne,VIC,,minor,overload,FALSE
Bulk event 499,2021-04-02,,2021-04-02,,TRUE,Test Venu,Melbourne,VIC,,minor,overload,FALSE
Bulk event 500,2021-04-02,,2021-04-02,,TRUE,Test Venu,Melbourne,VIC,,minor,overload,FALSE
Bulk event 501,2021-04-02,,2021-04-02,,TRUE,Test Venu,Melbourne,VIC,,minor,overload,FALSE
Bulk event 502,2021-04-02,,2021-04-02,,TRUE,Test Venu,Melbourne,VIC,,minor,overload,FALSE
Bulk event 503,2021-04-02,,2021-04-02,,TRUE,Test Venu,Melbourne,VIC,,minor,overload,FALSE
Bulk event 504,2021-04-02,,2021-04-02,,TRUE,Test Venu,Melbourne,VIC,,minor,overload,FALSE
Bulk event 505,2021-04-02,,2021-04-02,,TRUE,Test Venu,Melbourne,VIC,,minor,overload,FALSE
Bulk event 506,2021-04-02,,2021-04-02,,TRUE,Test Venu,Melbourne,VIC,,minor,overload,FALSE
Bulk event 507,2021-04-02,,2021-04-02,,TRUE,Test Venu,Melbourne,VIC,,minor,overload,FALSE
Bulk event 508,2021-04-02,,2021-04-02,,TRUE,Test Venu,Melbourne,VIC,,minor,overload,FALSE
Bulk event 509,2021-04-02,,2021-04-02,,TRUE,Test Venu,Melbourne,VIC,,minor,overload,FALSE
Bulk event 510,2021-04-02,,2021-04-02,,TRUE,Test Venu,Melbourne,VIC,,minor,overload,FALSE
Bulk event 511,2021-04-02,,2021-04-02,,TRUE,Test Venu,Melbourne,VIC,,minor,overload,FALSE
Bulk event 512,2021-04-02,,2021-04-02,,TRUE,Test Venu,Melbourne,VIC,,minor,overload,FALSE
Bulk event 513,2021-04-02,,2021-04-02,,TRUE,Test Venu,Melbourne,VIC,,minor,overload,FALSE
Bulk event 514,2021-04-02,,2021-04-02,,TRUE,Test Venu,Melbourne,VIC,,minor,overload,FALSE
Bulk event 515,2021-04-02,,2021-04-02,,TRUE,Test Venu,Melbourne,VIC,,minor,overload,FALSE
Bulk event 516,2021-04-02,,2021-04-02,,TRUE,Test Venu,Melbourne,VIC,,minor,overload,FALSE
Bulk event 517,2021-04-02,,2021-04-02,,TRUE,Test Venu,Melbourne,VIC,,minor,overload,FALSE
Bulk event 518,2021-04-02,,2021-04-02,,TRUE,Test Venu,Melbourne,VIC,,minor,overload,FALSE
Bulk event 519,2021-04-02,,2021-04-02,,TRUE,Test Venu,Melbourne,VIC,,minor,overload,FALSE
Bulk event 520,2021-04-02,,2021-04-02,,TRUE,Test Venu,Melbourne,VIC,,minor,overload,FALSE
Bulk event 521,2021-04-02,,2021-04-02,,TRUE,Test Venu,Melbourne,VIC,,minor,overload,FALSE
Bulk event 522,2021-04-02,,2021-04-02,,TRUE,Test Venu,Melbourne,VIC,,minor,overload,FALSE
Bulk event 523,2021-04-02,,2021-04-02,,TRUE,Test Venu,Melbourne,VIC,,minor,overload,FALSE
Bulk event 524,2021-04-02,,2021-04-02,,TRUE,Test Venu,Melbourne,VIC,,minor,overload,FALSE
Bulk event 525,2021-04-02,,2021-04-02,,TRUE,Test Venu,Melbourne,VIC,,minor,overload,FALSE
Bulk event 526,2021-04-02,,2021-04-02,,TRUE,Test Venu,Melbourne,VIC,,minor,overload,FALSE
Bulk event 527,2021-04-02,,2021-04-02,,TRUE,Test Venu,Melbourne,VIC,,minor,overload,FALSE
Bulk event 528,2021-04-02,,2021-04-02,,TRUE,Test Venu,Melbourne,VIC,,minor,overload,FALSE
Bulk event 529,2021-04-02,,2021-04-02,,TRUE,Test Venu,Melbourne,VIC,,minor,overload,FALSE
Bulk event 530,2021-04-02,,2021-04-02,,TRUE,Test Venu,Melbourne,VIC,,minor,overload,FALSE
Bulk event 531,2021-04-02,,2021-04-02,,TRUE,Test Venu,Melbourne,VIC,,minor,overload,FALSE
Bulk event 532,2021-04-02,,2021-04-02,,TRUE,Test Venu,Melbourne,VIC,,minor,overload,FALSE
Bulk event 533,2021-04-02,,2021-04-02,,TRUE,Test Venu,Melbourne,VIC,,minor,overload,FALSE
Bulk event 534,2021-04-02,,2021-04-02,,TRUE,Test Venu,Melbourne,VIC,,minor,overload,FALSE
Bulk event 535,2021-04-02,,2021-04-02,,TRUE,Test Venu,Melbourne,VIC,,minor,overload,FALSE
Bulk event 536,2021-04-02,,2021-04-02,,TRUE,Test Venu,Melbourne,VIC,,minor,overload,FALSE
Bulk event 537,2021-04-02,,2021-04-02,,TRUE,Test Venu,Melbourne,VIC,,minor,overload,FALSE
Bulk event 538,2021-04-02,,2021-04-02,,TRUE,Test Venu,Melbourne,VIC,,minor,overload,FALSE
Bulk event 539,2021-04-02,,2021-04-02,,TRUE,Test Venu,Melbourne,VIC,,minor,overload,FALSE
Bulk event 540,2021-04-02,,2021-04-02,,TRUE,Test Venu,Melbourne,VIC,,minor,overload,FALSE
Bulk event 541,2021-04-02,,2021-04-02,,TRUE,Test Venu,Melbourne,VIC,,minor,overload,FALSE
Bulk event 542,2021-04-02,,2021-04-02,,TRUE,Test Venu,Melbourne,VIC,,minor,overload,FALSE
Bulk event 543,2021-04-02,,2021-04-02,,TRUE,Test Venu,Melbourne,VIC,,minor,overload,FALSE
Bulk event 544,2021-04-02,,2021-04-02,,TRUE,Test Venu,Melbourne,VIC,,minor,overload,FALSE
Bulk event 545,2021-04-02,,2021-04-02,,TRUE,Test Venu,Melbourne,VIC,,minor,overload,FALSE
Bulk event 546,2021-04-02,,2021-04-02,,TRUE,Test Venu,Melbourne,VIC,,minor,overload,FALSE
Bulk event 547,2021-04-02,,2021-04-02,,TRUE,Test Venu,Melbourne,VIC,,minor,overload,FALSE
Bulk event 548,2021-04-02,,2021-04-02,,TRUE,Test Venu,Melbourne,VIC,,minor,overload,FALSE
Bulk event 549,2021-04-02,,2021-04-02,,TRUE,Test Venu,Melbourne,VIC,,minor,overload,FALSE
Bulk event 550,2021-04-02,,2021-04-02,,TRUE,Test Venu,Melbourne,VIC,,minor,overload,FALSE
Bulk event 551,2021-04-02,,2021-04-02,,TRUE,Test Venu,Melbourne,VIC,,minor,overload,FALSE
Bulk event 552,2021-04-02,,2021-04-02,,TRUE,Test Venu,Melbourne,VIC,,minor,overload,FALSE
Bulk event 553,2021-04-02,,2021-04-02,,TRUE,Test Venu,Melbourne,VIC,,minor,overload,FALSE
Bulk event 554,2021-04-02,,2021-04-02,,TRUE,Test Venu,Melbourne,VIC,,minor,overload,FALSE
Bulk event 555,2021-04-02,,2021-04-02,,TRUE,Test Venu,Melbourne,VIC,,minor,overload,FALSE
Bulk event 556,2021-04-02,,2021-04-02,,TRUE,Test Venu,Melbourne,VIC,,minor,overload,FALSE
Bulk event 557,2021-04-02,,2021-04-02,,TRUE,Test Venu,Melbourne,VIC,,minor,overload,FALSE
Bulk event 558,2021-04-02,,2021-04-02,,TRUE,Test Venu,Melbourne,VIC,,minor,overload,FALSE
Bulk event 559,2021-04-02,,2021-04-02,,TRUE,Test Venu,Melbourne,VIC,,minor,overload,FALSE
Bulk event 560,2021-04-02,,2021-04-02,,TRUE,Test Venu,Melbourne,VIC,,minor,overload,FALSE
Bulk event 561,2021-04-02,,2021-04-02,,TRUE,Test Venu,Melbourne,VIC,,minor,overload,FALSE
Bulk event 562,2021-04-02,,2021-04-02,,TRUE,Test Venu,Melbourne,VIC,,minor,overload,FALSE
Bulk event 563,2021-04-02,,2021-04-02,,TRUE,Test Venu,Melbourne,VIC,,minor,overload,FALSE
Bulk event 564,2021-04-02,,2021-04-02,,TRUE,Test Venu,Melbourne,VIC,,minor,overload,FALSE
Bulk event 565,2021-04-02,,2021-04-02,,TRUE,Test Venu,Melbourne,VIC,,minor,overload,FALSE
Bulk event 566,2021-04-02,,2021-04-02,,TRUE,Test Venu,Melbourne,VIC,,minor,overload,FALSE
Bulk event 567,2021-04-02,,2021-04-02,,TRUE,Test Venu,Melbourne,VIC,,minor,overload,FALSE
Bulk event 568,2021-04-02,,2021-04-02,,TRUE,Test Venu,Melbourne,VIC,,minor,overload,FALSE
Bulk event 569,2021-04-02,,2021-04-02,,TRUE,Test Venu,Melbourne,VIC,,minor,overload,FALSE
Bulk event 570,2021-04-02,,2021-04-02,,TRUE,Test Venu,Melbourne,VIC,,minor,overload,FALSE
Bulk event 571,2021-04-02,,2021-04-02,,TRUE,Test Venu,Melbourne,VIC,,minor,overload,FALSE
Bulk event 572,2021-04-02,,2021-04-02,,TRUE,Test Venu,Melbourne,VIC,,minor,overload,FALSE
Bulk event 573,2021-04-02,,2021-04-02,,TRUE,Test Venu,Melbourne,VIC,,minor,overload,FALSE
Bulk event 574,2021-04-02,,2021-04-02,,,,,,,,,
Bulk event 575,2021-04-02,,2021-04-02,,,,,,,,,
Bulk event 576,2021-04-02,,2021-04-02,,,,,,,,,
Bulk event 577,2021-04-02,,2021-04-02,,,,,,,,,
Bulk event 578,2021-04-02,,2021-04-02,,,,,,,,,
Bulk event 579,2021-04-02,,2021-04-02,,,,,,,,,
Bulk event 580,2021-04-02,,2021-04-02,,,,,,,,,
Bulk event 581,2021-04-02,,2021-04-02,,,,,,,,,
Bulk event 582,2021-04-02,,2021-04-02,,,,,,,,,
Bulk event 583,2021-04-02,,2021-04-02,,,,,,,,,
Bulk event 584,2021-04-02,,2021-04-02,,,,,,,,,
Bulk event 585,2021-04-02,,2021-04-02,,,,,,,,,
Bulk event 586,2021-04-02,,2021-04-02,,,,,,,,,
Bulk event 587,2021-04-02,,2021-04-02,,,,,,,,,
Bulk event 588,2021-04-02,,2021-04-02,,,,,,,,,
Bulk event 589,2021-04-02,,2021-04-02,,,,,,,,,
Bulk event 590,2021-04-02,,2021-04-02,,,,,,,,,
Bulk event 591,2021-04-02,,2021-04-02,,,,,,,,,
Bulk event 592,2021-04-02,,2021-04-02,,,,,,,,,
Bulk event 593,2021-04-02,,2021-04-02,,,,,,,,,
Bulk event 594,2021-04-02,,2021-04-02,,,,,,,,,
Bulk event 595,2021-04-02,,2021-04-02,,,,,,,,,
Bulk event 596,2021-04-02,,2021-04-02,,,,,,,,,
Bulk event 597,2021-04-02,,2021-04-02,,,,,,,,,
Bulk event 598,2021-04-02,,2021-04-02,,,,,,,,,
Bulk event 599,2021-04-02,,2021-04-02,,,,,,,,,
